--Inserting mock data into the database
INSERT INTO departments (id, name, monthly_budget)
VALUES 
('00000000-0000-0000-0000-000000000001', 'Finance', 50000),
('00000000-0000-0000-0000-000000000002', 'IT - Development', 15000),
('00000000-0000-0000-0000-000000000003', 'IT - Infrastructure', 30000);



INSERT INTO categories (id, name, daily_limit, monthly_limit)
VALUES
('00000000-0000-0000-0000-000000000001', 'Travel', 500, 10000),
('00000000-0000-0000-0000-000000000002', 'Meals', 100, 2000),
('00000000-0000-0000-0000-000000000003', 'Transportation', 150, 3000),
('00000000-0000-0000-0000-000000000004', 'Others', 200, 5000);


INSERT INTO employees (id, name, department_id, manager_id, email, position)
VALUES
('00000000-0000-0000-0000-000000000001', 'Paulo Gomes Costa', NULL, NULL, 'paulo.gomes@ubs.com' , 'CEO'),
('00000000-0000-0000-0000-000000000002', 'Carla da Silva', '00000000-0000-0000-0000-000000000001', '00000000-0000-0000-0000-000000000001', 'carla.silva@ubs.com' , 'Head of Finance'),
('00000000-0000-0000-0000-000000000003', 'Joana Schoenmaker', '00000000-0000-0000-0000-000000000003', '00000000-0000-0000-0000-000000000001', 'joana.schoenmaker@ubs.com' , 'Head of Infrastructure'),
('00000000-0000-0000-0000-000000000004', 'Joao Gomes', '00000000-0000-0000-0000-000000000003', '00000000-0000-0000-0000-000000000003', 'joao.gomes@ubs.com' , 'Tech Lead'),
('00000000-0000-0000-0000-000000000005', 'Carlos Montevideu', '00000000-0000-0000-0000-000000000003', '00000000-0000-0000-0000-000000000004', 'carlos.montevideu@ubs.com' , 'Infrastructure Engineer'),
('00000000-0000-0000-0000-000000000006', 'Manuela Goes', '00000000-0000-0000-0000-000000000001', '00000000-0000-0000-0000-000000000002', 'manuela.goes@ubs.com' , 'Expenses Manager'),
('00000000-0000-0000-0000-000000000007', 'Amelia Earhart', '00000000-0000-0000-0000-000000000002', '00000000-0000-0000-0000-000000000001', 'amelia.earhart@ubs.com' , 'Head of Development'),
('00000000-0000-0000-0000-000000000008', 'Julia Miranda', '00000000-0000-0000-0000-000000000002', '00000000-0000-0000-0000-000000000007', 'julia.miranda@ubs.com' , 'Tech Lead'),
('00000000-0000-0000-0000-000000000009', 'Edson Carvalho', '00000000-0000-0000-0000-000000000002', '00000000-0000-0000-0000-000000000007', 'edson.carvalho@ubs.com' , 'Software Engineer');

INSERT INTO expenses (id, employee_id, category_id, currency, amount, date, description, status)
VALUES
('00000000-0000-0000-0000-000000000001', '00000000-0000-0000-0000-000000000005', '00000000-0000-0000-0000-000000000003', 'BRL', 64, '2022-01-14', 'Taxi to data center', 'APPROVED_MANAGER'),
('00000000-0000-0000-0000-000000000002', '00000000-0000-0000-0000-000000000006', '00000000-0000-0000-0000-000000000002', 'BRL', 58, '2022-03-03', 'Lunch during budget review', 'APPROVED_FINANCE'),
('00000000-0000-0000-0000-000000000003', '00000000-0000-0000-0000-000000000002', '00000000-0000-0000-0000-000000000004', 'BRL', 210, '2022-05-19', 'Printer toner replacement', 'APPROVED_FINANCE'),
('00000000-0000-0000-0000-000000000004', '00000000-0000-0000-0000-000000000003', '00000000-0000-0000-0000-000000000001', 'BRL', 890, '2023-02-21', 'Flight ticket for infrastructure summit', 'APPROVED_FINANCE'),
('00000000-0000-0000-0000-000000000005', '00000000-0000-0000-0000-000000000007', '00000000-0000-0000-0000-000000000002', 'BRL', 95, '2023-04-10', 'Dinner with external consultants', 'APPROVED_MANAGER'),
('00000000-0000-0000-0000-000000000006', '00000000-0000-0000-0000-000000000008', '00000000-0000-0000-0000-000000000004', 'BRL', 180, '2023-07-27', 'Hardware adapters and cables', 'REJECTED'),
('00000000-0000-0000-0000-000000000007', '00000000-0000-0000-0000-000000000004', '00000000-0000-0000-0000-000000000001', 'BRL', 650, '2023-11-02', 'Hotel for architecture workshop', 'APPROVED_MANAGER'),
('00000000-0000-0000-0000-000000000008', '00000000-0000-0000-0000-000000000009', '00000000-0000-0000-0000-000000000002', 'BRL', 44, '2023-12-15', 'Lunch with project stakeholders', 'PENDING'),
('00000000-0000-0000-0000-000000000009', '00000000-0000-0000-0000-000000000004', '00000000-0000-0000-0000-000000000002', 'BRL', 72, '2024-03-12', 'Team lunch after sprint review', 'APPROVED_MANAGER'),
('00000000-0000-0000-0000-000000000010', '00000000-0000-0000-0000-000000000007', '00000000-0000-0000-0000-000000000003', 'BRL', 52, '2024-02-08', 'Metro tickets for conference', 'APPROVED_MANAGER'),
('00000000-0000-0000-0000-000000000011', '00000000-0000-0000-0000-000000000006', '00000000-0000-0000-0000-000000000004', 'BRL', 120, '2024-06-05', 'Office supplies purchase', 'APPROVED_FINANCE'),
('00000000-0000-0000-0000-000000000012', '00000000-0000-0000-0000-000000000009', '00000000-0000-0000-0000-000000000003', 'BRL', 38, '2024-09-18', 'Bus ticket to client office', 'APPROVED_MANAGER'),
('00000000-0000-0000-0000-000000000013', '00000000-0000-0000-0000-000000000003', '00000000-0000-0000-0000-000000000004', 'BRL', 160, '2024-08-22', 'Whiteboard and markers', 'APPROVED_FINANCE'),
('00000000-0000-0000-0000-000000000014', '00000000-0000-0000-0000-000000000006', '00000000-0000-0000-0000-000000000001', 'BRL', 420, '2025-04-11', 'Hotel for compliance training', 'APPROVED_FINANCE'),
('00000000-0000-0000-0000-000000000015', '00000000-0000-0000-0000-000000000008', '00000000-0000-0000-0000-000000000002', 'BRL', 88, '2025-06-19', 'Team dinner after release', 'APPROVED_MANAGER'),
('00000000-0000-0000-0000-000000000016', '00000000-0000-0000-0000-000000000005', '00000000-0000-0000-0000-000000000001', 'BRL', 475, '2025-12-10', 'Hotel reservation for 2 nights', 'APPROVED_FINANCE'),
('00000000-0000-0000-0000-000000000017', '00000000-0000-0000-0000-000000000008', '00000000-0000-0000-0000-000000000003', 'BRL', 46, '2025-12-17', 'Uber ride to google tech conference', 'REJECTED'),
('00000000-0000-0000-0000-000000000018', '00000000-0000-0000-0000-000000000002', '00000000-0000-0000-0000-000000000001', 'BRL', 89, '2026-01-05', 'Client meeting - taxi ride', 'PENDING'),
('00000000-0000-0000-0000-000000000019', '00000000-0000-0000-0000-000000000005', '00000000-0000-0000-0000-000000000003', 'BRL', 33, '2026-02-03', 'Bus ticket to office', 'PENDING'),
('00000000-0000-0000-0000-000000000020', '00000000-0000-0000-0000-000000000004', '00000000-0000-0000-0000-000000000004', 'BRL', 140, '2026-03-15', 'Laptop stand purchase', 'PENDING');
